<?xml version="1.0" encoding="utf-8"?>
<ArrayOfAnimaisModel xmlns:xsi="http://www.w3.org/2001/XMLSchema-instance" xmlns:xsd="http://www.w3.org/2001/XMLSchema">
  <AnimaisModel>
    <idAnimal>1</idAnimal>
    <IdAnimal>1</IdAnimal>
    <NomeAnimal>Panterinha</NomeAnimal>
    <ApelidoAnimal>Peeeeta</ApelidoAnimal>
    <DataDeNascimentoAnimal>2019-05-04T00:00:00</DataDeNascimentoAnimal>
    <ObservacoesAnimal>Extremamente fofa</ObservacoesAnimal>
    <IdEspecieAnimal>456</IdEspecieAnimal>
  </AnimaisModel>
</ArrayOfAnimaisModel>